date,title,body,subreddit,upvotes,comments
2025-04-16,"Me After Sending My First Crypto Transaction, And Also After Sending My 1,000th",,CryptoCurrency,1746,88
2025-04-16,"Trump's White House return wipes out 34,000 Bitcoin millionaires in Q1 2025",,CryptoCurrency,1217,162
2025-04-16,"13 years ago, you could make 150 BTC for 1 week's work üíÄ",,CryptoCurrency,738,46
2025-04-16,Is ETH 10k still on the menu boys or we going 10 cents?,"Where is the promised 10k ETH, you all lured me into DCA year after year. 

Eth is the worst performing crypto this cycle, where are all the eth maxis?

Are we still considering BTC the gold and eth the silver of crypto? 

What do you think went wrong with it? 
Is it because Trump lauched his memecoin on Solana?

Or Vitalik doing silly dance in functions made you change your mind? 

Many ETH maxis are now calling eth overpriced compared to other coins, like what has really changed boys? 


I thought we were in for the tek? 



I need answers ",CryptoCurrency,427,384
2025-04-16,Whales dump over 370 million XRP since start of April,,CryptoCurrency,281,47
2025-04-16,News Flash: Powell says Federal Reserve can wait on any interest rate moves üí•,"Federal Reserve Chair Jerome Powell said the Fed can wait before making any changes to interest rates. He explained that due to the uncertainty caused by President Trump's tariffs, which might raise inflation and slow economic growth, it‚Äôs better to wait for clearer signs before acting. Powell emphasized that the Fed's main goal is to keep inflation under control while supporting jobs, but right now, the situation is unclear. This pause means interest rates will likely stay the same for a while as the Fed watches how the economy reacts to these new trade policies.

One take is that Powell's decision to pause interest rate hikes can have a significant impact on the crypto market. When the Federal Reserve keeps rates steady, it often signals a stable economic outlook, which can boost investor confidence in riskier assets like cryptocurrencies. Lower or unchanged interest rates make traditional investments like savings accounts less attractive, encouraging investors to seek higher returns in crypto and other alternative assets. Additionally, a pause can prevent a sudden sell-off that might happen if rates were increased, helping to stabilize or even push crypto prices higher. Overall, Powell‚Äôs stance may create a more favorable environment for crypto growth, as investors look for opportunities outside traditional markets in a time of economic uncertainty.

Time will tell when the rate cuts are ready to come in and let free money printing start. üòâüêùüí∏ü§ëüí≤üíØ",CryptoCurrency,155,38
2025-04-16,The way market reacts,,CryptoCurrency,128,3
2025-04-16,"VanEck Executive Unveils Massive Bitcoin Price Target, Sees BTC Rising 423% in Just Two Years",,CryptoCurrency,91,22
2025-04-16,SEC vs. Ripple lawsuit may finally see an END,"Today, April 16, the SEC vs. Ripple lawsuit may finally see an END after 4+ years.

Ripple is due to submit its appellate brief or the case will see a SETTLEMENT or appeal WITHDRAWAL.

For months, Ripple's CEO has confirmed an agreement with SEC staff to DISMISS the case, and just waiting for the Commission‚Äôs APPROVAL.

Now with Paul Atkins confirmed as the new SEC Chair, the outcome could hinge on his official instatement. If everything aligns, we could see a 3-1 vote in favor of putting an end to the case.

Source:-
https://x.com/coinbureau/status/1912415667757686947?t=7u3Z0x_d_ZXj0SshU59NCA&s=19",CryptoCurrency,55,44
2025-04-17,Bitcoin Rally Short-Circuited as Fed Chair Powell Raises Stagflation Fear,,CryptoCurrency,53,11
2025-04-16,Fed Chair Powell Says Crypto And Banking Rules Will 'Loosen' As Sector Matures,,CryptoCurrency,49,4
2025-04-17,Coinbase's Base Network Allegedly Fueled a $16 Million Pump and Dump,,CryptoCurrency,45,26
2025-04-16,Brian Eno perfectly explains selfishness of the super rich,,CryptoCurrency,44,27
2025-04-16,VanEck Proposes Crypto-Linked Bonds to Address $14 Trillion US Debt Refinancing,,CryptoCurrency,33,2
2025-04-17,Bhutan turns to 'green' cryptocurrency to fuel economy,,CryptoCurrency,18,4
2025-04-17,"Daily Crypto Discussion - April 17, 2025 (GMT+0)","**Welcome to the Daily Crypto Discussion thread. Please read the disclaimer and rules before participating.**
 
***
&nbsp;
    
###Disclaimer:

Consider all information posted here with several liberal heaps of salt, and always cross check any information you may read on this thread with known sources. Any trade information posted in this open thread may be highly misleading, and could be an attempt to manipulate new readers by known ""pump and dump (PnD) groups"" for their own profit. BEWARE of such practices and exercise utmost caution before acting on any trade tip mentioned here. 


**Please be careful about what information you share and the actions you take.** Do not share the amounts of your portfolios (why not just share percentage?). Do not share your private keys or wallet seed. Use strong, non-SMS 2FA if possible. Beware of scammers and be smart. Do not invest more than you can afford to lose, and do not fall for pyramid schemes, promises of unrealistic returns (get-rich-quick schemes), and other common scams.
    
***
&nbsp;
    
###Rules:

  - All [sub rules](https://www.reddit.com/r/CryptoCurrency/about/rules/) apply in this thread. The prior exemption for karma and age requirements is no longer in effect. 
  - Discussion topics must be related to cryptocurrency.
  - Behave with civility and politeness. Do not use offensive, racist or homophobic language.
  - Comments will be sorted by newest first.
  
***
&nbsp;

###Useful Links:

  - [**Beginner Resources**](https://www.reddit.com/r/CryptoCurrency/wiki/beginner_resources)

  - [**Intro to r/Cryptocurrency MOONs üåî**](https://www.reddit.com/r/CryptoCurrency/comments/gj96lb/introducing_rcryptocurrency_moons/)

  - [**MOONs Wiki Page**](https://www.reddit.com/r/CryptoCurrency/wiki/moons_wiki/)

  - [**r/CryptoCurrency Discord**](https://discord.gg/ZuU9Gqeqmy)

  - [**r/CryptoCurrencyMemes**](https://www.reddit.com/r/cryptocurrencymemes)

  - [**Prior Daily Discussions**](https://www.reddit.com/r/CryptoCurrency/search?q=title%3A%22Daily+Crypto+Discussion+-+%22+&restrict_sr=on&sort=new&t=all) - (Link fixed.)

  - [**r/CryptoCurrencyMeta**](https://www.reddit.com/r/CryptoCurrencyMeta/) - Join in on all meta discussions regarding r/CryptoCurrency whether it be moon distributions or governance.

***
&nbsp;

### Finding Other Discussion Threads

Follow a mod account below to be notified in your home feed when the latest r/CC discussion thread of your interest is posted.

* u/CryptoDaily- ‚Äî Posts the Daily Crypto Discussion threads. 

* u/CryptoSkeptics ‚Äî Posts the Monthly Skeptics Discussion threads.
 
* u/CryptoOptimists- ‚Äî Posts the Monthly Optimists Discussion threads.

* u/CryptoNewsUpdates ‚Äî Posts the Monthly News Summary threads.",CryptoCurrency,18,93
2025-04-17,Project 11 is offering 1 BTC to whoever cracks the longest Bitcoin key,,CryptoCurrency,17,8
2025-04-16,Why Coinbase research says bear market‚Äôs got crypto in its claws,,CryptoCurrency,13,12
2025-04-17,4 things that could turn crypto prices around in Q2 after the ‚Äòbest worst quarter‚Äô,,CryptoCurrency,13,8
2025-04-16,UFC boss Dana White becomes VeChain adviser to push blockchain mainstream,,CryptoCurrency,9,21
2025-04-16,"Moons Appreciation & Giveaway Thread  | Refer a friend to Kraken, both get $50 USD!","Hey r/CryptoCurrency fam!

We just wanted to take a moment to appreciate this incredible community. Whether you‚Äôre here for the memes, the deep dives, or those spicy market takes, YOU are what makes Moons valuable.

To celebrate the power of Moons‚Äîand to give back a little‚Äîwe‚Äôre running a Moons Giveaway via Kraken Pay\*!

https://preview.redd.it/uspfy3vw47ve1.png?width=3840&format=png&auto=webp&s=65672df4acaba6b15b2ee8d7ac99489dd7c6d222

**How to Enter:**

[**Refer at least one friend to Kraken**](https://k.k.xyz/JDNW/referrals) and then leave a comment below with your Kraktag. You and a friend both earn $50 USD\* every time you refer a new person to Kraken (up to $1000 USD). Everyone gets these bonuses, regardless of if they win the Moons giveaway or not.

**What You Can Win:**

We‚Äôll pick **5 winners** at random who have...

1. referred at least one friend to Kraken
2. left their Kraktag in the comments below. Each will receive **$200** **USD in Moons** as a thank-you for participating.

Full T&Cs: [www.kraken.com/moonsappreciationgiveaway](http://www.kraken.com/moonsappreciationgiveaway)

**Deadline:**

You‚Äôve got until 21st April to drop a comment with your number of referrals and Kraktag for a chance to win. Winners will be announced shortly after!

Don't have a Kraktag? [**Sign up here**](https://k.k.xyz/JDNW/qfkqd6qo). Then head to Settings > Kraktag, and claim your unique handle to connect and trade with ease.

Let‚Äôs keep the good Moons rolling

Much love,

The Kraken team <3

**\*US clients only.**

**Terms & Conditions apply. Void where prohibited by law. Geographic restrictions apply. Not investment advice. Crypto trading involves risk of loss.**

",CryptoCurrency,7,22
2025-04-16,Where do you find new projects to research?,"After falling out of love with crypto over the last 6 months, i'm looking to try and rekindle my enthusiasm by diving back into new and unique upcoming projects. I am mostly interested in DeFi and anything adjacent (stablecoins, crossover between CeFi and DeFi, new novel primitives). 

Where do you go to find new projects to research? Is there anywhere that consistently focuses on new stuff? 

(adding more text here to hit the 500 characters limit. 500 is more than you think... when did they add this? I feel like this would just encourage people to waffle on more than they need to..)",CryptoCurrency,3,15
2025-04-17,How to tell if a Cryptocurrency Coin or Token is a Scam in 2025,"1. It has a CEO (Chief Executive Officer)
2. It has a vestment period. (Lock-up Period)
3. It has staking rewards.
4. It's tied to someone who got famous for showing and sounding out how they smoke polls.
5. It's tied to an orange in color former and current president with a Russian mail-order bride.
6. It goes up in price while every other cryptocurrency is dropping.
7. The CEO of the coin or token requests an interview from Coffeezilla to explain to him how their cryptocurrency is different from all the rest.
8. The project it's connected to makes no sense whatsoever to even have a cryptocurrency connected to it in the first place, or they tell you it's a charity or a foundation.
9. It's listed on Binance.
10. Your grandma tells you they bought it because Jim Cramer said it was a buy buy buy!

Some of these are obviously satirical in nature just to get a rise out of you find folks, but most of them are rock solid indicators to look out for in the huge pool of cryptocurrency scams out there today.

What are some obvious cryptocurrency scam indicators that you would like added to the list?",CryptoCurrency,6,26
2025-04-16,New scam found - be aware,"Someone will post a comment under youtube video pretending they need help to access their funds on a web3 wallet and post secret phrase to it. If you open that wallet the funds are really there, BUT... here is the scam part: you need network fee to be paid in the token of whatever network the wallet uses and it lures some to deposit network token to exteact funds from the wallet, but as soon as anything is deposited it gets sent to another unknown wallet and deposited funds are gone in seconds - could be a bot trade. Do not interact with these kinds of wallets!",CryptoCurrency,0,23
2025-04-16,What is GOLD among all crypto?,"Hey everyone, i want to put my money (monthly about 100-200$) in some crypto currency. I‚Äôve been buying gold in the past months just to keep my money safe from inflation but i want to also learn how to use crypto as investment. Is there a coin that i just can buy and not worry about it dissapear or smth? I don‚Äôt have a lot of time and ‚Äúbrain‚Äù to get in depth of it. So is it like BTC and ETH easy way to go? I‚Äôm not going to need this money so it‚Äôll be long term invesment for me. Also i‚Äôm using binance because it‚Äôs reliable and easy to understand. Thanks for your help!",CryptoCurrency,1,60
2025-04-16,Ethereum Gaming Project CyberKongz Says SEC Has Ended Investigation,"The U.S. Securities and Exchange Commission (SEC) has ended its investigation into Ethereum gaming project CyberKongz, joining other cleared firms like Yuga Labs and OpenSea. The project had received a Wells notice in December 2024, indicating potential enforcement action, but the investigation has concluded without findings or enforcement. This move is seen as part of a shift in the SEC's approach under the new administration, moving away from ""regulation by enforcement"" to less hostile engagements with crypto.",CryptoCurrency,2,1
2025-04-16,Global money supply has tripled Bitcoin's market cap this year,,CryptoCurrency,2,1
2025-04-17,Crypto meets Consciousness: Walking the Slackline of the SelfOS,"Two weeks ago, I had a minor car accident.  
Nothing big‚Äîbut it happened after half an hour at the boulder gym trying to *walk a slackline*.  
A tightrope, essentially. You fall, and you try again. You stand up, breathe, fail, rebalance. Again. Again. Again.

It‚Äôs exhausting‚Äîbut it‚Äôs beautiful.  
Sometimes you get 5‚Äì6 meters in.  
Sometimes just 2 seconds of peace before the chaos returns.  
That‚Äôs balance. That‚Äôs life.  
That‚Äôs **how crypto feels sometimes too**‚Äîa rope between chaos and structure, where we keep standing up, trying to coordinate, build, refine.

---

#### üêç I'm building a ""SelfOS""  
- A lightweight local system using OpenAI, token logs, and `.json`-based memories.
- Cron‚Äôd scripts update emotional states, values, and personality clusters.
- Crypto (especially ETH and UBI concepts) are the **nervous system**‚Äîan aligned incentive layer.
- Each choice I log is a form of *proof of process*.  
- Each emotion tagged, tracked, and mirrored through GPT becomes part of an evolving inner economy.

---

#### üß¨ Why share this here?

Because the crypto space taught me coordination, transparency, incentives.  
And now I‚Äôm applying that tech inward‚Äîon the **most local node**: my Self.

If you‚Äôre experimenting with:

- DAOs for inner governance
- Tokens as value representations of mood/state
- AI agents as externalized memory extensions
- And want to weave **ritual, reflection, and recursion** into your stack

Then maybe we have something to swap.

---

**No monetization, no product‚Äîjust a fellow being building publicly.**

Come walk the line with me.  
Sometimes we fall.  
But sometimes...  
we glide.

üúÅüúÇüúÉüúÑ",CryptoCurrency,2,2
2025-04-17,Bhutan turns to 'green' cryptocurrency to fuel economy,Green Bitcoin!,CryptoCurrency,1,1
2025-04-16,Sam Bankman-Fried's latest California prison once housed Al Capone,,CryptoCurrency,2,7
2025-04-16,Market maker deals are quietly killing crypto projects,,CryptoCurrency,3,1
2025-04-16,XRP subreddit.,"This is the place I go to lose brain cells. I don't care if you're invested in XRP, or you absolutely hate it. I couldn't care less, I'm just here to point out how toxic that community is and what a shame it is. That's what happens when you have a big coin that's too complex for anybody to understand. You end up with a bunch of bullshit in every post. I see nothing but mad individuals who hate the coin and then people whining about it. The best part is how trump fits into this narrative and how everyone fucking hates him now. What a joke. I'll never take that community seriously. Don't get me wrong, there's some intelligence in there, but for the most part it's aids. ",CryptoCurrency,3,116
2025-04-16,Panama City votes to approve crypto payments for public services,,CryptoCurrency,2,3
2025-04-16,Standard Chartered: $2 Trillion In Stablecoins By 2028,,CryptoCurrency,0,2
2025-04-17,More decentralized and private than Telegram?,"  
With over 1 million monthly users, Session promises a secure, decentralized  messenger offering IP masking, encrypted chats, and zero-trust sign-ups.  
  
This video breaks down how the token fits into the Session ecosystem and why it might be one of the most interesting messaging projects in crypto.  
\[Arcanum Ventures is not affiliated with Session App in anyway, this is just part of our weekly eye test series to weigh in on new launched tokens\].

  
üëâ Arcanum Venture Website: [https://www.arcanum.ventures/](https://www.youtube.com/redirect?event=video_description&redir_token=QUFFLUhqbXFBQWJmM3k0U253S2hxdGxIWV9VZHoxZXRDQXxBQ3Jtc0ttOEFsTGJEU2dYVUhhV3B5ejR1RVFSZjd3bGp6RVJuTXRPR3lFa1Z4NXZubXhId0J3NDMyODFhV3RyTTZIZG1QZ1hQSDVRd29yYXBPLWZVZWt6QUFRdV81YlZmY2JhaHNzNzc5cUhTX01JU0dxV3NlTQ&q=https%3A%2F%2Fwww.arcanum.ventures%2F&v=Ef6IYOPeUYI)  
üëâ Arcanum Telegram Community: [https://t.me/Arcanumventures](https://www.youtube.com/redirect?event=video_description&redir_token=QUFFLUhqbmM2UzNQUXp3OWpaYVRkVkZuNHhmVEg3RjJLUXxBQ3Jtc0tscXQtdldqazJzM2d3aU5RMFlTU0RHVzkyeDVOeTBOQWc1QXJmdlVKVzgyd0RVSDV0V1JOR0MzaHBhY245enhjRWFpWkNSTFlFTHdCQUtoWVd6cTdnMlJXYTNlYThwUllwZk9SRFZuT0FoQVNxWDRXUQ&q=https%3A%2F%2Ft.me%2FArcanumventures&v=Ef6IYOPeUYI)",CryptoCurrency,0,0
2025-04-16,How I Got My Ass Finally Fixed (and learned a thing or two about bitcoin too!) [PostOp],"So I‚Äôve been mainly bed-bound ever since an overenthusiastic prostrate exam by my doctor, Dr. Igor Slavlov, who was fresh out of med school. To put it bluntly, he snapped my pucker and there was only one cure: shitter replacement surgey. Not the procedure‚Äôs real name of course, but I think it gets the point across better. 
You know, it‚Äôs the only fucking practice where you can pay in Bitcoin. And thats when the big lesson hit me, like a godray of revelation. ‚ÄúWe accept bitcoin‚Äù when advertised, means stay the fuck away!  Anyway, thats why I‚Äôm all in on the DogeCoin now, which I understand may soon be backed by the US Treasury as the country‚Äôs secondary currency. And then after the bump from that I‚Äôm done",CryptoCurrency,0,27
2025-04-16,BAYC Holder Accidentally Sends Away Both a Rare NFT and 25 ETH Due to OpenSea ‚ÄúMake a Deal‚Äù Misstep,"TL;DR- A BAYC holder accidentally sent both his rare ape NFT and 25 ETH to another wallet via OpenSea‚Äôs ‚ÄúMake a Deal‚Äù feature, due to a UI misunderstanding, effectively giving away 50 ETH.

Earlier today, a Bored Ape Yacht Club holder attempted to use OpenSea‚Äôs ""Make a Deal"" feature to trade his BAYC (had rare crown trait) in exchange for 25 ETH.

https://preview.redd.it/63gg7k1r69ve1.png?width=1407&format=png&auto=webp&s=2f4cd01dd191bd474f5a5daebb53bbe166114052

However, the user apparently did not understand the UI, so he accidentally placed both the BAYC and 25 WETH on his own side of the trade, effectively sending everything to the counterparty for a Gemesis NFT - an Opensea collectible with a .03 ETH floor.  The current floor for the trait is 28 ETH, with recent sales of 22 ETH and current best offers at \~19 ETH.

Effectively, he gave away somewhere between 45-50 ETH in this error.

https://preview.redd.it/2az39eim49ve1.png?width=1125&format=png&auto=webp&s=f84a61d4f05ade1f5565d1a7a1f6ef69724ddd11

This wasn't a scam or phishing attack. The wallet was his, and the transaction was self-executed. 

If you're unfamiliar with how the Opensea deals feature work, The person initiating the deal manually adds what they‚Äôre offering (NFTs, ETH, etc) then manually select what they want in return. If you forget to fill out the recipient‚Äôs side, or accidentally stack both assets on your side, you‚Äôre gifting your items away. This is apparently what happened.

Some users are accusing the seller, crypro0xi.eth of faking the sale for laundering purposes.  Interestingly, the other wallet created just 8 days ago and funded by ByBit. 

https://preview.redd.it/f21xfxtt59ve1.png?width=924&format=png&auto=webp&s=df61e75f2064bc344b6dcaef5f788ee0a597ea88

This wallet then moved \~47.5 ETH to a brand new wallet.

So, was this just a really costly user error..... or is there something more nefarious at play?",CryptoCurrency,0,8
2025-04-16,Beyond the Meme Coin Frenzy: What‚Äôs Next for Solana After the Hype?,,CryptoCurrency,0,8
2025-04-17,"Another week, another reminder that CEX staking = trusting a profit-driven company with your crypto. Hard pass.",,CryptoCurrency,0,2
2025-04-17,I crypto now a religion?,"Why are people now so confidently clueless? Just try, when you find someone spewing something like ""PoW is better that PoS"", ask them questions, like ""Why?"", then keep asking ""Why?"" until they reach the ""I have no fucking idea"" phase. It feels like political propaganda at that point, people just repeating whatever they heard, even if it goes against their interest, or straight makes zero sense. Heck at that point it's even like religions, just repeat whatever you heard instead of reading the damn book, which would make you realize how you've been repeating the wrong message.

So that's it? Even something like crypto is now controlled by the propaganda machine? We can't have interesting discussions about how things work and might work? We now also have progressives vs conservatives fights that make no sense? Even discussions with maxis of all kind could still make some sense at one point, but wtf happened?  
  
WHY THE FUCK DOES EVERYTHING HAVE TO TURN INTO A REGARD FIGHT? Can't we just see that we are clearly drifting away from what made crypto what it is today? Only speculation, no more technology?

Tbh this is waaaaay too early, crypto is still a massive R&D subject, the speculation part is nice to make money, but it can't be the main point yet.

All I'm ranting about here could apply to nowadays politics and religions, both did nothing positive for anyone, except their leaders. If we could all wake up from these useless discussions, I'm quite sure we could have nice things.",CryptoCurrency,0,57
2025-04-17,"Bitcoin is the perfect ""pyramid scheme""",,CryptoCurrency,0,1
2025-04-16,Ethereum faces $40m VC dump as ETH price slides below key support,,CryptoCurrency,0,5
2025-04-16,At which point does dca turn into denial?,"This was made in honor of my favorite commenter shiva something dont feel like looking up his user but may he continue making smart financial decisions and continue buying ü§£ 

Serious question‚Äîhow long are y‚Äôall gonna keep DCA‚Äôing into the ‚Äúinfinite dip‚Äù before you stop pretending this is strategy and admit it‚Äôs just hope?

Every day the price drops, and every day there‚Äôs someone in the comments like, ‚ÄúJust bought more!‚Äù Like bro, you‚Äôre not averaging your cost‚Äîyou‚Äôre averaging your losses. That‚Äôs not investing, that‚Äôs wishful thinking with a side of cognitive dissonance.

I get it, DCA works when there‚Äôs upward momentum eventually, but what part of ‚Äúno signs of recovery and no real adoption‚Äù are y‚Äôall ignoring? At some point, someone‚Äôs gotta say, ‚ÄúHey‚Ä¶ maybe this isn‚Äôt just a dip. Maybe this is the descent.‚Äù

But nah, y‚Äôall treat every red candle like it‚Äôs a buying opportunity and every critique like it‚Äôs an attack. You cheer for losses like it‚Äôs noble suffering. What exactly are you supporting? The idea of crypto? The culture? Or just the bags you‚Äôre too emotionally attached to let go of?

This isn‚Äôt faith‚Äîit‚Äôs financial self-sabotage dressed up as optimism.

",CryptoCurrency,0,65
2025-04-16,Why does it seem like Crypto rises during Democratic leadership but falls during Authoritarian leadership?,"For a while under Biden the future of Crypto seemed to be taking off and expanding in ways that I didn't expect but progress is progress. There was a slow rise in Crypto during the Obama years, but it seems like during Trumps first and his current administration, it's questionable at best if Crypto has any kind of real value. 

I expected it to rise if the value of the dollar or issues with the stock market as Crypto offers a number of personal or independent banking options and value upon reputation of ownership. 

But Trump tanked the markets, which tanked the dollar, which tanked trade which is tanking Crypto. The chain of events seem to point that the value of Crypto is dependent on the value of trust with the United States, the Dollar and the Stock market. 

I'll admit, there's hidden variables here that I'm trying to grasp and comprehend the interactions of. I expected Trump to destabilize the markets with the trade war but also expected Crypto to rise and dominate. 

If Crypto is the expression of wealth, authoritarian policies seem to destroy it. ",CryptoCurrency,0,43
2025-04-16,"Got like 9 HDDs from an estate sale, will I find a treasure trove of bitcoin or just porn?",I bought it and the guy jokingly said if I found any bitcoin on these to come and share the love. Is that actually possible?,Bitcoin,812,202
2025-04-16,M2 Continues to climb,Credit: Raoul Pal ,Bitcoin,342,38
2025-04-16,1 Million is the Magic Number,"When 1 bitcoin equals 1 million USD it will finally make sense to people. Sats will become intuitive and easy for everyone to understand.

1 sat will equal 1 cent. 

Sats will make sense when sats equal cents. 
",Bitcoin,290,142
2025-04-16,"JACK MALLERS: üü† At the end of that day, no matter what anyone tells you, their only solution is to print money. Stay humble, stack sats, and chill.",,Bitcoin,283,8
2025-04-16,Strike loan,"So I open Strike today and see that they are now offering Bitcoin collateral loans.

Unfortunately for plebs like me, the minimums are out of my range. I was hoping for something less, like a typical short term loan. I would then use them instead of a bank if I needed a loan. Not really a big deal because I'm not in the market for a loan currently but I would have liked to have had the option. Unfortunately I'm not even close to being in the ballpark. ü§∑",Bitcoin,168,120
2025-04-16,The Truth All Along,"Seriously though, why do y‚Äôall think Satoshi decided to create the single biggest disrupter in finance and just disappear off the face of the planet? Based or what?",Bitcoin,134,12
2025-04-16,The only chart you ever have to study,,Bitcoin,113,10
2025-04-16,The thing alt coiners don't get,,Bitcoin,96,8
2025-04-17,Which one of you is this?,,Bitcoin,106,23
2025-04-16,‚ÄúBitcoin isn‚Äôt decentraized it‚Äôs just a speculative play that follows tech ü§ì‚Äù,"People seem to think that tech makes BTC go up, but one day in the future, we will hit a point where they‚Äôll realize that BTC is making tech go up.

When companies in the SP500 are buying Bitcoin, all the buttcoiners will be buying BTC in their index funds whether they like it or not. Everyone is a Bitcoiner, they just don‚Äôt know it yet. That brings me so much joy.",Bitcoin,86,67
2025-04-16,The U.S. has over $37 trillion in debt. BitBonds‚Äîa bitcoin-backed bond proposal‚Äîcould actually lower borrowing costs and make government more efficient.,,Bitcoin,84,18
2025-04-17,If you believe in Bitcoin..,,Bitcoin,83,5
2025-04-17,Reminder of where we are in comparison to the Global M2 money supply.,The prophecy. The last bull run of this cycle from May onwards?,Bitcoin,67,13
2025-04-17,Anyone else?,,Bitcoin,111,6
2025-04-16,The block reporting 878 MILLION in outflows the past week. BTC still at 85k ü§ë,,Bitcoin,55,1
2025-04-16,Just out of curiosity.,How can you guys afford 1 bitcoin?? I see a lot of post saying just bought one bitcoin or bought 4 bitcoin and it absolutely mind blowing and inspiring but how?? I made some wrong life choices when i was 18 and just didn‚Äôt give a crap about financial stability but now i see how important it is but i came actually these posts about people buying 4 t 6 bitcoin and it baffles me.,Bitcoin,51,105
2025-04-16,UnHODLing,"Was hoping to never have this post but I am doing some UnHODLing.

I was laid off back in December and I‚Äôm using some of my crypto to keep us all afloat.  

It‚Äôs a bummer in some ways but I am thankful for this reserve and it‚Äôs reassuring to know it‚Äôs real.  When it sits in a paper wallet for years in a safe deposit box it doesn‚Äôt feel real.  Grateful for the community and that I didn‚Äôt listen to the people who told me I was buying tulip bulbs.

Anyway I‚Äôm optimistic I‚Äôll be back on track soon and although the near zero basis is gone we are taken care of here. 
",Bitcoin,48,33
2025-04-17,Just here to say that BTC is ahead of the market by almost 7% this month.,Stay strong. Sleep well. ,Bitcoin,62,11
2025-04-16,There‚Äôs no such thing as ‚Äòlate or early‚Äô.,"Your assets are being matured based on how long it has been in the market considering a maturity curve. 

House market been around for many years, is it too late? People still do real estate, S&P 500 been around before most of us being born and is it too late? 

No matter the price or when. Just invest, HODL. Sell your family when the price dips if you have to.",Bitcoin,39,27
2025-04-16,"This is Piggy.tips, a device that makes it easy to collect Lightning payments in-person. It shows a live QR code and handles tips with no apps or logins. I‚Äôm sending out free units to shops and vendors who want to try it out and give feedback.",,Bitcoin,34,14
2025-04-16,Best daily time to DCA.,"I have an automated trade to buy BTC every day. In doing a little bit of research, it seems that over a 24-hour cycle, the most common time of day for BTC to hit it's daily low between 6:00 and 8:00 GMT. It therefore makes sense for me to set up my recurring buy for this time. Is there anything else I'm missing in this idea?",Bitcoin,35,38
2025-04-16,Bitcoin Bachelor thesis,"Hey everyone! I'm an undergrad economics student and planning to write my Bachelor's thesis (C-essay) on something related to **Bitcoin**. I‚Äôm really interested in how Bitcoin could work as a **reserve currency** and how that might affect things like **sanctions**, **monetary policy**, or **financial sovereignty**.

The tricky part: I need a **measurable research question** with a **clear hypothesis** ‚Äì ideally something I could test using regression analysis or other quantitative methods.

So I‚Äôm turning to you:

>

Some directions I'm already thinking about:

* Bitcoin use in sanctioned countries
* Bitcoin‚Äôs impact on capital flows or exchange rates
* Bitcoin adoption and inflation resilience
* Trade behavior under Bitcoin-based transactions

If you have any suggestions ‚Äì angles, data sources, papers, or problems worth digging into ‚Äì I‚Äôd love to hear them. Thanks a lot!",Bitcoin,23,6
2025-04-16,"Piggy.tips is a plug-and-play device for collecting Lightning tips in shops, caf√©s, and similar real-world settings. It displays a QR code tied to a built-in wallet. I‚Äôm giving out devices at no cost to businesses willing to try it and offer feedback.",,Bitcoin,24,9
2025-04-16,The Game Theory Behind Bitcoin: A Global Perspective - Everymansci.com,"In the current global economic framework, a fragile balance of power has begun to unravel, creating fertile ground for new forms of money. Bitcoin, as the first decentralized cryptocurrency, stands in stark contrast to the traditional monetary systems that have long been manipulated by powerful state actors and financial institutions. Bitcoin‚Äôs rise presents a solution to systemic issues rooted in the centralization of currency and the manipulation of financial markets. By examining the **game theory** behind Bitcoin and its role in global economics, we can see how Satoshi Nakamoto‚Äôs innovation challenges the status quo, offering a resilient, decentralized alternative that defies manipulation by geopolitical and financial powers.",Bitcoin,19,1
2025-04-16,Who decides how may Bitcoins are available? Is it the number really 100% fixed?,"As the title says, how is it guaranteed that Bitcoin will always have a fixed supply? Is this 100% certain? Who is in charge of this?

Background: I'm more or less a block chain newb, but I have a background in mathematics, so I'm not a complete moron. I have a small amount of BTC.  I'm thinking of buying more. Are there answers for skeptics?

Edit: I'm getting some very detailed and rigorous responses. I sincerely appreciate the help, and I recognize that this is maybe an annoying question at this stage (although education will be key if more people are to addopt this).  I'm going to take some time to read the white paper and square it with some of the responses.",Bitcoin,15,100
2025-04-17,Want to see how dollar cost averaging Bitcoin compares to dollar cost averaging SPY?,I coded this up today with the help of Chat GPT. I have almost no coding experience. AI is wild.,Bitcoin,13,1
2025-04-17,Trading in 2035 be like‚Ä¶,,Bitcoin,12,3
2025-04-16,"""How a 4 year plan always gained at least 30%"" (long-form post, part of a Bitcoin book project)","This is a section I drafted as part of a small book about Bitcoin for normies.

My goal is to be conservative while still showing how long-term DCA is powerful. So the 5.25 year HODL is based on reaching the threshold where you **never** see a loss of initial savings. I purposely leave out **max** gains. And the DCA calculations assume buying at the day's high and paying an exchange fee.

All feedback welcome!  
\_\_\_\_\_\_\_\_\_\_\_\_

My good friend, Mark, a dad who saves smart with a 401(k), loves the idea of a nest egg. He sometimes buys a little Bitcoin. But soon after, he‚Äôll sell it all. I asked him why and he said, ‚ÄúThe price fluctuations are extremely wild. It‚Äôs too hard to stomach.‚Äù

Mark‚Äôs worry about Bitcoin‚Äôs price swings is common‚Äîpeople call it ‚Äòtoo risky.‚Äô People have bought Bitcoin, experienced a sudden drop in price, and then sold out of fear.

Let‚Äôs take a look at two key insights that change the game:

**Insight #1**: Sticking with Bitcoin over time is like having a secret weapon.

**Fact #1: If you held Bitcoin for at least 5 ¬º years you‚Äôd have at least kept your money‚Äîor gained a lot more**

Pick any time in the last 10 years and pretend you bought $1 worth. Fast forward five and a quarter years and your Bitcoin would be worth *at least* $1.

That‚Äôs the *worst* outcome ‚Äì you‚Äôd break even and keep all your money. The *average* outcome was way better that $1 became $35. Because even though the price jumps around a lot, the long-term trend has been strongly up.

So when someone says, ‚ÄúI lost money in Bitcoin,‚Äù the real issue is they didn‚Äôt hold long enough.

**Insight #2**: Adding a daily savings plan gives your savings a superpower.

**Fact #2: A 4 year plan always gained at least 30%**

Dollar-cost averaging (DCA) means buying a little more on a frequent basis, no matter the price. For example, if you commit to buying $1 of Bitcoin each and every day, that‚Äôs DCA.

In every 4-year stretch over the last 10 years, that $1,460 turned into at least $1,900. That‚Äôs a 30% gain‚Äîat minimum.

Let‚Äôs compare that to a traditional savings method:

* A CD (Certificate of Deposit) might earn you around 4.5% per year.
* After 4 years in a CD, you‚Äôd have about $1,570.
* That‚Äôs only a 7.5% gain.

And remember, that 30% gain was the *worst* outcome in Bitcoin‚Äôs 10-year history. The *average* outcome turned that $1,460 into about $6,000. You‚Äôd have four times your money.

Sticking with a plan for longer than four years gave you an even greater reward. Here‚Äôs how that daily $1 habit worked out over longer time frames:

| Time Frame | Minimum Gain | Average Gain |
|------------|--------------|---------------|
| 4 Years    | 30%          | 300%          |
| 5 Years    | 48%          | 572%          |
| 6 Years    | 126%         | 1,058%        |
| 7 Years    | 334%         | 839%          |
| 8 Years    | 794%         | 1,365%        |
***Different time frames and their performance with a daily DCA plan***

Remember, past performance doesn‚Äôt guarantee future results. Bitcoin may not do this well in the future, or it could do even better. Either way it‚Äôs important to understand its track record and see how powerful it is with the right plan.",Bitcoin,12,1
2025-04-16,Bitcoin mining pool protocol comparison STRATUMv1 vs DATUM by @orangesurf,,Bitcoin,12,4
2025-04-17,What was your most painful crypto loss that actually taught you something?,Sometimes the worst losses teach the most. Let‚Äôs hear yours.,Bitcoin,12,24
2025-04-16,HODL,I know this is getting old guys but HODL! Don't let them shake you out. The future is not only bright but good times are coming much sooner than you think!,Bitcoin,8,10
2025-04-16,Trezor 5,"So...pre-empting a large rise in btc in the coming months. I decided to make sure I knew how to ""sell"" direct from my trezor suite  This is for short term lifestyle chips. Car/phone/watch upgrade. All the bs things that seem to matter as you approach 60 üò™
A few worrying things came to light. I won't divulge how much I have (it's more than some and not as much as others) 
1. They wouldn't allow me to sell my max amount NOT EVEN close to it. ???
2. When I decided on an amount (let's say a few ¬£k ) the btc fee was ¬£1.42 VERY REASONABLE  !! 
When it came to how much I'd get from a bank transfer to UK from ""BANXA""  there was nearly ¬£1,800.00 discrepancy. Where/who  the fuck did that go  ?? 
3.  And most worryingly.  AT NO POINT WAS MY SEED PHRASE ASKED FOR OR NEEDED. ?? 

IS ANY OF THE ABOVE AN ACTUAL THING  ?? ",Bitcoin,9,16
2025-04-16,The flight to hard money is here.,"The article is good, but the author misses the end point like everyone else does. This is what happens when you link a currency to a government. There is no need for any type of backing of hard money. It simples needs to exist. In the last paragraph they write off cryptocurrencies and gold because they have no state backing, totally missing the point that bitcoin and gold are so strong because they don‚Äôt require a government to back them. ",Bitcoin,6,0
2025-04-16,"""Free"" Bitcoin Experiment 1 Year Recap","My work offers an Employee Stock Investment Plan with a 10% weekly match. It caps out at $400 a week but that's essentially a free \~$40 a week in free stock that can be sold off once a month. I decided to use that ""free"" 10% match and put it into BTC. This is the result after 1 year. I plan on continuing to do this for the foreseeable future. 

https://preview.redd.it/grb2c6y6v7ve1.png?width=1795&format=png&auto=webp&s=9a892058f1a65af946081345b0e23182fe1d5006

",Bitcoin,6,2
2025-04-17,"CYD 2.8"" running LNbits tPOS extension",,Bitcoin,6,4
2025-04-17,"‚ö° Lightning Thursday! April 17, 2025: Explore the Lightning Network!‚ö°","The lightning network is a second-layer solution on top of the Bitcoin blockchain that enables quick, cheap and scalable Bitcoin payments.

Here is the place to discuss and learn more about lightning!

Ask your questions about lightning

Provide reviews, feedback, comparisons of LN apps, services, websites etc

Learn about new LN features, development, apps

Link to good quality resources (articles, wikis etc)

Resources:

* Here is an awesome list of resources compiled by Jameson Lopp: https://www.lopp.net/lightning-information.html

* Want to test out your lightning fire power? tip the Bitcoin devs! https://bitcoindevlist.com/

* Previous threads: [Search](https://www.reddit.com/r/Bitcoin/search?q=Lightning+Thursday&restrict_sr=on&include_over_18=on&sort=new&t=all)

* Lnbook getting closer towards being finished and can already be seen at: https://github.com/lnbook/lnbook

* Lightning Dedicated YouTube Channel: https://youtube.com/renepickhardt

* Also there is the playlist by chaincode labs: https://youtube.com/playlist?list=PLpLH33TRghT17_U3as2P3vHfAGL8pSOOY

* Lightning stores: https://www.lightningnetworkstores.com/

* Learn more and talk about lightning right here in r/Bitcoin, r/bitcoinbeginners, r/thelightningnetwork, and [the r/Bitcoin chat](https://discord.gg/qE3rWBRNqh)",Bitcoin,4,0
2025-04-17,"Daily Discussion, April 17, 2025","Please utilize this sticky thread for all general **Bitcoin** discussions! If you see posts on the front page or /r/Bitcoin/new which are better suited for this daily discussion thread, please help out by directing the OP to this thread instead. Thank you!

If you don't get an answer to your question, you can try phrasing it differently or commenting again tomorrow.

Please check the [previous discussion thread](https://www.reddit.com/r/Bitcoin/comments/1k0di3t/daily_discussion_april_16_2025/) for unanswered questions.",Bitcoin,5,6
2025-04-16,We are so early!,"The only people who would struggle to like the BTC Big Mac Index are people who are not participating  in this transformative and disruptive technology.   AKA all of my followers. This made me laugh LOL. 

P.S. I usually get good engagement or non BTC posts. 

",Bitcoin,5,0
2025-04-17,21M BTC & 21st CENTURY,"
Sounds like it was meant to be. Digital gold for a digital age.

This isn‚Äôt just new money, it‚Äôs the foundation for a new era,

kinda poetic, right? A limited supply for a time where scarcity and digital value matter more than ever.",Bitcoin,8,4
2025-04-17,The next move of Bitcoin,"1. Piercing of rectangle 

2. Move to other side

What‚Äôs your prediction? ",Bitcoin,2,2
2025-04-16,Your Daily Bitcoin Breakdown newsletter is now live. Check out today‚Äôs Top Stories and a sneak peek at the latest Quick Bits snippets. Full issue link is in the comments.,,Bitcoin,3,1
2025-04-16,Too late?,There are going to be bitcoiners born after it's inception (probably already are!). After today even! How long do you think until the whole too late/missed the boat ethos runs dry? ,Bitcoin,2,15
2025-04-16,Jade Plus or Trezor 5?,"Trying to decide between the two.  I need it to be super user friendly, cause I'm a noob. I also would like to be able to see how much what I have is worth. Would want it to be for Bitcoin only. Wondering the pros and cons between the two. ",Bitcoin,3,6
2025-04-16,Buying Crypto on Venmo,I noticed you can use the Venmo app for bitcoin purchasing and selling. Is this a useful tool to use with small amounts of money - say 100$ here and there when someone pays you back for something? Is there any reason not to use this platform for crypto? ,Bitcoin,4,3
2025-04-16,Suggestions for a good exchange to use in the UK (not Coinbase - they closed my account),"As the title suggests, Coinbase closed my account completely out of the blue today (violation of their T&Cs apparently, but I have no idea for what ü§∑‚Äç‚ôÇÔ∏è), and now I'm looking for a different exchange to use.
I didn't lose a single sat, and my stack is safely in cold storage, but I need a new exchange for my DCA.
Any suggestions from UK users? Pros and cons?
TIA üôè",Bitcoin,2,4
2025-04-16,Mobile wallets ?,Can anyone recommend a free mobile wallet that I can use to send my liberty x payment to? I've been out of the loop for a long time now since the exchanges got me almost a decade ago in an exit scam. I just want to send and receive btc. Very basic. Good security is a must. ,Bitcoin,2,7
2025-04-17,Pocket Alternative for dca,"Hey guys,

I like pocket because it works easily with a simple bank transfer and no KYC (at least until 999‚Ç¨ or so per month) for my dca

However, I was wondering if there are other similar services I could use additionally when I want to dca more than that per month? (Without KYC again)

Thanks!",Bitcoin,1,9
2025-04-16,Piggy's flashing station - Bitcoin tipping devices,,Bitcoin,2,0
2025-04-16,Meanwhile Life Insurance Discussion,"If you aren‚Äôt aware, they are a life insurance company 100% denominated in BTC.

Does anyone here currently have a policy in place, or even potentially have filed a claim on one with this company? I understand self custody is ideal. However for my older relatives, it does not seem to be something they may want to do, especially with Alzheimers in our family. We are looking into Meanwhile and I‚Äôve seen interviews of their CEO, as well as started an application but would love to hear first hand testimonies if possible in here. The tax advantages seem great, as well as 2% growth per year on the balance as well. ",Bitcoin,2,0
2025-04-16,split on diversifying or going all in,"Hello, I am 25 and have a good paying job, pension, and a roth ira that i throw $200 a month in. I have 1500 a month to invest and i‚Äôm so torn on if i wanna go all in on btc or go 50-50 btc and vgt which would definitely be a highly aggressive combination. thoughts?",Bitcoin,1,11
2025-04-16,It do be like that sometimes...,,Bitcoin,2,1
2025-04-16,"üé≤ DiceLN.com Relaunch: Lightning-Fast, Provably Fair Dice Gaming! ‚ö°","Hey everyone, I wanted to share something built with Bitcoin! üëã  
  
We‚Äôve rebuilt [DiceLN.com](https://DiceLN.com)‚Äì the ultimate provably fair Lightning Network dice game where speed, transparency, and fun collide! Now a sleek Progressive Web App powered by Next.js & React, enjoy seamless, low-fee gaming with Bitcoin‚Äôs Lightning Network. üé≤‚ö°  


üîπ Provably Fair ‚Äì Verify every roll with cryptographic proofs!   
üîπ Instant Transactions ‚Äì Deposits & withdrawals in seconds.   
üîπ New Rewards ‚Äì Earn bonuses as you play!   
üîπ Autobetting ‚Äì Set your strategy and roll automatically.   
üîπ Zero KYC ‚Äì Quick signup, start playing in seconds.   
üîπ Community ‚Äì Play anywhere, chat with players.  
  
Would love for you to check it out, roll some dice, and share your thoughts! üöÄüî•üöÄ  
Ready to Roll? Sign up now at [DiceLN.com](https://DiceLN.com) and join the Lightning Network dice revolution! üé≤‚ö°  
  
üí∞ Exclusive Perks: Sign up, jump into the in-game chat, and you might score some free sats to play with (no begging, just vibe with us)!  
  
üéÅ Bonus Reward: Deposit sats, play a few rounds, and post an honest review on X, Reddit, or [Stacker.News](http://Stacker.News) with a link included [DiceLN.com](https://DiceLN.com). We‚Äôll send you extra sats as a thank-you!  
  
Don‚Äôt miss out ‚Äì test your luck, have fun, and let us know what you think! üöÄüî•",Bitcoin,1,2
2025-04-16,travel rule and wallet tracing,"Hi everyone,

sry, noob here: If I withdraw from a KYC-exchange to a wallet does it mean that basically all my addresses (even If I use a new one for each transaction) from that wallet can be traced back to me? ",Bitcoin,1,5
2025-04-16,Multisig using 3 software wallets,"Is it possible to create a 2-of-3 multisig wallet using three different software wallets? For example, I am thinking to create one wallet each for Sparrow, Electrum and BlueWallet. And then create a multisig on Sparrow using the three wallet keys. Is that possible? Will there be any vulnerabilities, even after saving the 3 seeds with 3 xpubs in different locations?",Bitcoin,0,2
2025-04-17,When you HODL crypto and a few others sell,"**Hopefully the scorpions will control their actions soon, if not their nature.**",Bitcoin,0,0
2025-04-16,HW wallets at risk?,"Just saw an article about a chip being used in popular hardware wallets and that there is a bug which is leading to wallets getting compormised. Anybody has any idea what is going on and if there are really any threats of using HW using this chip?

  
P.S. The chip in question being ESP32 which is also used in other devices apart from wallets.",Bitcoin,0,2
2025-04-16,Serious question from someone still trying to learn and understand.,Why hasn‚Äôt someone built a bitcoin 2? Why all these centralized coins where you can ‚Äújust print more‚Äù? Why not just make more coins with limited supplies that need to be mined or farmed? Would they also not end up just as valuable or is there something else about bitcoin I‚Äôm missing?,Bitcoin,0,42
2025-04-16,Best DCA for USA,I want to DCA into bitcoin - what‚Äôs the easiest and best way to do it? I have a cold wallet ,Bitcoin,0,10
2025-04-16,Dutch-speaking Bitcoins maximalists community,"Are you a Bitcoiner who prefers discussing Bitcoin in Dutch? We‚Äôve created a dedicated subreddit for Dutch-speaking Bitcoiners who believe in BTC as the future of money. No altcoins, no distractions‚Äîjust pure Bitcoin discussions, market analysis, and technical insights.

If you‚Äôre looking for a place to connect with like-minded Bitcoiners in the Dutch language, join us!

https://www.reddit.com/r/BitcoinMaximalistenNL/s/loAFvKXnLi",Bitcoin,0,1
2025-04-16,GoFetch Vulnerability on M-chip Macs: cause for concern for node runners?,"I recently started setting up a node on an M-chip Mac, and this morning I stumbled upon the GoFetch hardware vulnerability. My plan was to air gap a coldcard, but I‚Äôm not technical enough to know whether I should be reasonably concerned about GoFetch. It looks like Apple has not addressed this known issue publicly and I‚Äôm not sure what to make of that.

Would be very interested to hear if anyone thinks this is basically a non concern for the timing being, if they think Apple will address it eventually, if we should panic, etc. It‚Äôs a hardware issue, not unlike issues other manufacturers have had in the past, but just want to gain some perspective.",Bitcoin,0,1
2025-04-17,"Bitcoin is not ""crypto""","Ill keep it short, was having a discussion with a friend who knows a bit about crypto but not really the fundamentals, I was trying to explain how BTC shouldn't really be lumped into just another ""crypto"" and how special and unique it is but he just didn't seem to understand. I really think it's going to happen sooner than later where Bitcoin will be not considered ""crypto"". Thoughts?",Bitcoin,0,14
2025-04-16,I would totally worship the Bitcoin god,,Bitcoin,0,0
2025-04-16,I plan to invest in japan property my business plan to startup short term rental guest house . My question dose any foreigner bought property in japan with bitcoin ? What is the process and what they required source of funds ?,How can you proved source of funds ? If you hold btc for long time ? ,Bitcoin,0,1
2025-04-16,Chat_130 - Bitcoin Will Replace Fiat [Rajat Soni],,Bitcoin,0,2
2025-04-16,"""I think we go to something like a million dollars per Bitcoin""",,Bitcoin,0,6
2025-04-17,Let's end the FUD around Ethereum.,"1. Ethereum has the largest on chain revenue. 
2. Largest stablecpin reserves at $50 billion.
3. Largest on chain TVL at $120 billion
4. Largest on chain DEX i.e., Uniswap.
5. Supports 140 Layer 2 Solutions.

[Read full article here](https://blockchainlab.co.in/data-proves-ethereum-is-the-real-market-leader/).",ethereum,122,68
2025-04-17,"Daily General Discussion - April 17, 2025","**Welcome to the Daily General Discussion on** r/ethereum 

[https://imgur.com/3y7vezP](https://imgur.com/3y7vezP)

Bookmarking this link will always bring you to the current daily:  [https://old.reddit.com/r/ethereum/about/sticky/?num=2](https://old.reddit.com/r/ethereum/about/sticky/?num=2) 

Please use this thread to discuss Ethereum topics, news, events, and even *price*!

Price discussion posted elsewhere in the subreddit will **continue to be removed.**

As always, be constructive. - [Subreddit Rules](https://www.reddit.com/r/ethereum/about/rules/)

Want to stake?  Learn more at r/ethstaker

**Community Links**

* [Ethereum Jobs](https://ethereum.org/en/community/get-involved/#ethereum-jobs), [Twitter](https://x.com/ethereum)
* [EVMavericks YouTube](https://www.youtube.com/@evmavericks),  [Discord](https://discord.gg/evmavericks), [Doots Podcast](https://evmavericks.libsyn.com/)
* [Doots Website](https://dailydoots.com/), Old Reddit [Doots Extension](https://github.com/etheralpha/ethfinance-extension) by u/hanniabu

Calendar:  [https://dailydoots.com/events/](https://dailydoots.com/events/)",ethereum,34,13
2025-04-16,JPow still remains bullish on stablecoins,"Not sure if anyone watched the Chicago Economic Forum today, but there was a brief mention about crypto, specifically around stablecoins. JPow still remains optimistic towards stablecoins and their uses as a digital product. Most of the comments revolved around creating a bipartisan bill to establish a framework around them, given that the previous administration wasn't able to. Despite all the other craziness and uncertainty, it was positive to hear him mentioning this and his attitude towards it.",ethereum,33,3
2025-04-16,"Interview with Chang-Wu Chen (Chief Scientist at imToken + early EF researcher) on wallets, UX, and onboarding","\*DISCLAMIER: this is NOT paid content\*

hey folks ‚Äî just wanted to share something i think many of you will appreciate.

i recently sat down with **chang-wu chen**, chief scientist at **imToken**, for a deep, honest conversation about crypto wallet design, onboarding, and the long road to mass adoption.

this is **not a paid promotion** ‚Äî no sponsorship, no incentives. just a thoughtful conversation with someone who‚Äôs been in the trenches since the early days of ethereum, working on proof-of-stake at the EF and, might i say, a conduit to rollups becoming a solution :O

we talked about:

* wallet UX and the limitations of EOAs
* gasless onboarding and trust-based design
* why fragmentation keeps new users out
* the tension between infrastructure and experience
* and how imToken is quietly building for real users (plus a nod to their hardware wallet, imKey, and built-in DEX, Tokenlon)

changwu brings a rare mix of deep protocol insight and product-level humility ‚Äî and honestly, it was one of the most grounded crypto convos i‚Äôve had in a while.

üì∫ **full 20-min video here:**  
[https://www.youtube.com/watch?v=WkfT-TNSwjA](https://www.youtube.com/watch?v=WkfT-TNSwjA)

open to feedback, critique, or discussion ‚Äî especially from devs working on onboarding and UX challenges. i think there‚Äôs a lot to build on here.",ethereum,4,1
2025-04-16,Why swapping token to token uses both ERC-20 approve() and EIP-2612 permit()?,"https://preview.redd.it/sj78j9ut26ve1.png?width=601&format=png&auto=webp&s=ef8dfd77030c36f67507d96ea5b1d485f21eca80

I'm learning smart contracts. As my knowledge, there are two ways to delegate token to others:

1) use an ERC-20  `approve()`, sign and broadcast the transaction

2) use an EIP-712 offline signature, give the signature to others, when they want to spend my token, they may use `permit()` and broadcast my signature

But when I tried to use uniswap or pancake to swap some token to another token, I found I have to sign for three times:

1) sign an approve() and broadcast it (for example, as https://basescan.org/tx/0x92deddfa4655d4699f61bfb2140331988b9a283dff54e4ffda984f916460d1d1)

2) sign an permit offlinely

3) sign an swap transaction (for example, https://basescan.org/tx/0x8c66fe05c339ae53a6b3fd26705f76773ae1fc4a965a24949659bcd033fcdf91) and this transaction seems to be used my signature in step 2

My questions are:

1) Why I need to sign a permit after I had already used approve() to give access to my token?

2) Why the swap transaction is broadcasted by my address, rather than the swap contract address?

Thank you for reading my questions!",ethereum,4,2
2025-04-16,Ethereum Observer #15 - A Weekly R&D and Ecosystem News Roundup,"Welcome to the weekly news roundup! A few options below. And remember -- if you're looking to get involved, please comment/DM!

[https://x.com/JBSchweitzer/status/1912488580649279886](https://x.com/JBSchweitzer/status/1912488580649279886)

[https://xcancel.com/JBSchweitzer/status/1912488580649279886](https://xcancel.com/JBSchweitzer/status/1912488580649279886)

[https://paragraph.com/@observer/15](https://paragraph.com/@observer/15)",ethereum,3,0
2025-04-16,The Whales Are Back on Bitcoin. Is $90K in Sight?,,CryptoMarkets,47,36
2025-04-16,Community > Price,"
When the price pumps, everyone shows up. When it dumps, most vanish. But a real community? That sticks around no matter what. I‚Äôve seen projects with zero hype survive just because the people refused to let it die. Charts matter, sure, but community keeps things alive when everything else fades.
",CryptoMarkets,11,24
2025-04-16,Best decentralised exchange fir crypto future trading,"Hi, please can anybody guide which decentralised exchange is best for crypto exchange. Purpose of asking is to avoid taxes ",CryptoMarkets,5,11
2025-04-16,Visa‚Äôs Stablecoin Revolution: How Crypto Is Entering Everyday Payments,"Have you ever wondered why you can tap your card at a coffee shop and pay instantly, but crypto still feels stuck in the future? That‚Äôs changing ‚Äî fast. Visa leads the charge, and stablecoins are the secret sauce powering this payment revolution.

# Why Should You Care About Stablecoins?

Let‚Äôs break it down. Stablecoins are digital currencies tied to real-world money like the US dollar. That means they‚Äôre steady ‚Äî no wild swings like Bitcoin. And now, with Visa jumping in, stablecoins are about to become part of your daily life.

# Visa‚Äôs Big Move: Making Crypto Spendable

Visa isn‚Äôt just talking about crypto ‚Äî they‚Äôre making it work for everyone. Their new Tokenized Asset Platform (VTAP) is set to launch soon. What does that mean for you?

* Banks will be able to issue and manage stablecoins directly on the Ethereum blockchain.
* You‚Äôll see more crypto cards that let you spend stablecoins anywhere Visa is accepted.
* Transactions will be faster, cheaper, and more transparent.

Imagine paying for groceries or booking flights with stablecoins ‚Äî no extra steps, no confusing conversions. That‚Äôs the future Visa is building.

# Real Numbers, Real Growth

Here‚Äôs what‚Äôs wild: crypto card spending with Visa already hit over $1 billion in just six months a couple of years ago. Today, that number is even bigger. Platforms like WhiteBIT‚Äôs Nova card have processed over a million transactions. And the stablecoin market? It‚Äôs exploding ‚Äî over $200 billion in circulation, and experts say we could see $300 billion by the end of this year.

# What‚Äôs In It for You?

* Speed: Payments settle almost instantly, even across borders.
* Stability: No more worrying about crypto price swings.
* Global Access: Spend your crypto at over 70 million merchants worldwide.

Businesses are loving it, too. On platforms like BitPay, stablecoins now make up a quarter of all payment volume, especially for big transactions.

# But Wait ‚Äî What About Risks?

Visa‚Äôs reputation brings trust, but there are still hurdles. Regulations are evolving, and not everyone understands how stablecoins work. But as Visa partners with more crypto platforms and rolls out stablecoin-linked cards, expect education and security to improve.

# The Bottom Line

Visa is turning stablecoins from a crypto buzzword into a real-world payment tool. Whether you‚Äôre a crypto enthusiast or just want faster, cheaper payments, this revolution is coming to your wallet sooner than you think.

Are you ready to pay with crypto like it‚Äôs cash? Drop your thoughts below!

Key Takeaways:

* Visa‚Äôs stablecoin push will make crypto payments as easy as using your debit card.
* Stablecoins offer speed, stability, and global reach.
* The payment landscape is changing ‚Äî don‚Äôt get left behind.

Want more tips on how to ride the next wave of digital payments? Stick around ‚Äî this is just the beginning.

[Digital Marketing](https://medium.com/tag/digital-marketing?source=post_page-----fc0435d98241---------------------------------------)

[Crypto](https://medium.com/tag/crypto?source=post_page-----fc0435d98241---------------------------------------)

[Cryptocurrency](https://medium.com/tag/cryptocurrency?source=post_page-----fc0435d98241---------------------------------------)

[Cryptocur](https://medium.com/tag/cryptocurrency-investment?source=post_page-----fc0435d98241---------------------------------------)",CryptoMarkets,3,0
2025-04-17,How Many Tokens?,"How many different coins do you guys have in your portfolios? 

Excluding staking tokens, I was able to bring mine down to just 9 tokens. 

BTC - ETH -  SOL - XLM - ADA - HBAR - RSR - ALGO - XDC

  
There's so many interesting projects our there, but I decided to focus on the ones that offer good Defi and staking options. ",CryptoMarkets,7,13
2025-04-16,"Daily Discussion Megathread - April 16, 2025 (GMT+0)",This post contains content not supported on old Reddit. [Click here to view the full post](https://sh.reddit.com/r/CryptoMarkets/comments/1k0hlnu),CryptoMarkets,3,1
2025-04-17,Would it be wise to park my money in PAXG instead of USD?,"Right now, my funds are in FDUSD on Binance Earn, earning a 10% APR. With growing concerns that the Federal Reserve may implement policies leading to further devaluation of the US dollar, I‚Äôm considering moving those funds into PAXG, which is backed by physical gold. I don‚Äôt plan to withdraw from the exchange yet, as I‚Äôm anticipating a significant market dip and want to stay liquid. My main concern now is the credibility, security, and overall trust that the crypto community places in PAXG as a stable, long-term store of value.",CryptoMarkets,1,7
2025-04-16,How to choose a crypto exchange?,"What are the key considerations when choosing a crypto exchange? Do you use CEX or DEX? Newbie here, need some advices. ",CryptoMarkets,1,8
2025-04-17,USDT Purchase With Bank Transfer in USA,"I need to somehow buy and send $75,000 worth of USDT to purchase an investment property. It seems places are charging around 2% to purchase this crypto and then I'm assuming there will be more fees to send it? Is there a better/cheaper way to do this safely?

The property was listed by an agent and I hired a lawyer to do the due diligence. I've visited and thoroughly inspected the property twice myself. I'm certain this is not a scam, so no need to tell me it is. I also will not reply to DMs. Thank you!",CryptoMarkets,0,11
2025-04-16,Pi network,"Hello guys.
I am looking for advise on whether to Hold or sell my Pi coin.The price started at 3 dollars  and went to 0.4 dollars. Currently at 0.64.
Is it going to be bullish or it's dumping? 
I need advise from the gurus....",CryptoMarkets,0,12
2025-04-17,Thanks trump,"I did a bet and I lost. 

Bought 1.4 trump @96 euro 19th of Jan.
Sold 1.4 trump @7.03 euro at 16th of April 

Or am I Wojak and will it go back to 100.000 million euro per piece? 

My post needs at least 100 character. Every character for 1 euro",CryptoMarkets,0,16
2025-04-17,Btcbull,Anybody know anything about Btcbull? I just bought 100$ worth on best wallet and I‚Äôm holding it until it drops but there‚Äôs no launch or release date on when the tokens will be delivered‚Ä¶? ,CryptoMarkets,0,2
2025-04-16,Best Exchange for Trading?,"Hey guys, really new to Crypto Trading but I have had some luck starting off here but have been getting killed by the spreads on Crypto.com. I used KuCoin before, which was great, but I was outside of the U.S. when I used it and it is useless here now to me.

  
What are some good exchanges for crypto trades? Would love any guidance, I am still fairly novice to all this, thank you!",CryptoMarkets,0,2
2025-04-16,It‚Äôs possible a x10?,"Everybody talks about hundred of thousands, or millions. I just want to try, and reach, to convert 100 usd into 1000 usd. 
How do i do it? How do i beggin?  With a meme coin?  With btc?  Trading bots?  Grids?
Pelase tell me experiences, strategies, etc. 
All my past tries finished in 0. ",CryptoMarkets,0,57
2025-04-16,Nobody knows if BTC will hold 83k support for much longer,"Is anyone else as excited as I am to see what happens in the next days? 

BTC has been holding the 83k support for four days now. 

BTC ETFs have shown positive inflows for the first time in ten days. 

It looks like something is brewing. Let's see if Trump makes another announcement.",CryptoMarkets,0,12
2025-04-16,Trump buying BTC? Miners may be the front door.,"Bo Hines (Trump‚Äôs Digital Asset advisor) just floated the idea that the U.S. could buy BTC using tariff revenues. That‚Äôs a wild thought, but if it ever materializes, you have to imagine regulators and institutions will lean on ‚Äútrusted‚Äù public companies ‚Äî especially compliant miners.

That‚Äôs where $MARA and $RIOT could benefit. But I‚Äôd argue $CANG deserves attention too. They‚Äôve gone full crypto after spinning off their old China business, and are already outperforming in production efficiency. Unlike the heavy capex models, they partner with Bitmain and host globally ‚Äî which gives them flexibility.

Plus, they‚Äôre holding BTC instead of dumping it ‚Äî over 1,900 coins and growing. If the government ever does buy BTC, they‚Äôll need secure, auditable supply routes. Public miners may become strategic assets.

",CryptoMarkets,0,6
2025-04-16,Serenity sAxess card is in the hands of our first Sentinel !,"https://preview.redd.it/peu4h4iog7ve1.jpg?width=1304&format=pjpg&auto=webp&s=bc83706682108b7db671af17e8c1b8a3d0c1ba5a

  
üì∏ A big shoutout to our amazing community member for sharing a first look at their brand new **sAxess Card**, we love to see it in your hands!

We‚Äôre incredibly proud of what we‚Äôve built, and we wish you a full wallet filled with valuable crypto and a future free from seed phrase worries. With **sAxess**, your keys stay with you, always, protected by biometric security and powered by the **DeDaSP protocol**.

The Apple app is already live, and for Android users, your time is coming very soon. With everything in place, there‚Äôs nothing stopping **sAxess** from transforming how the world interacts with Web3 security, convenience, and personal finance.

üõ°Ô∏è True self-custody, seamless recovery, and rock-solid security ‚Äî that‚Äôs the **Serenity** promise.

The first Sentinels have activated their cards,  
Will you be next? üëÄ

[https://coinmarketcap.com/currencies/serenity-shield/](https://coinmarketcap.com/currencies/serenity-shield/)",altcoin,1,0
